|Speed_Llama|Length_Llama|Text_Llama
0|22.110594749450684|350|"

    Translation:

    Dear Tom,

    We discussed during the last meeting that we would complete the first five tasks and potentially add two more if we had time. Next week, we will have a call to discuss the validation process.

    Until then, feel free to reach out to me with any other questions you may have.

    Best regards,

    Christophe"
1|15.268856048583984|350|"

    Translation:

    Dear Tom,

    We discussed during the last meeting that we would complete the first five tasks and potentially add two more if we had time. Next week, we will have a call to discuss the validation process.

    Until then, feel free to reach out to me with any other questions you may have.

    Best regards,

    Christophe"
2|16.692148208618164|387|"

The text is in French and it can be translated to English as follows:

Dear Tom,

We discussed during the last meeting that we would complete the first five tasks and potentially add two more if we had the time. Next week, we will have a call to discuss the validation process.

Until then, feel free to reach out to me with any other questions you may have.

Best regards,

Christophe"
3|14.903525114059448|344|"

    Translation:

    Dear Tom,

    We discussed during the last meeting that we would complete the first five tasks and potentially do two more if we had time. Next week, we will have a call to discuss the validation process.

    Until then, feel free to contact me with any other questions you may have.

    Best regards,

    Christophe"
4|15.268856287002563|350|"

    Translation:

    Dear Tom,

    We discussed during the last meeting that we would complete the first five tasks and potentially add two more if we had time. Next week, we will have a call to discuss the validation process.

    Until then, feel free to reach out to me with any other questions you may have.

    Best regards,

    Christophe"
5|15.26485300064087|350|"

    Translation:

    Dear Tom,

    We discussed during the last meeting that we would complete the first five tasks and potentially add two more if we had time. Next week, we will have a call to discuss the validation process.

    Until then, feel free to reach out to me with any other questions you may have.

    Best regards,

    Christophe"
6|15.274861812591553|350|"

    Translation:

    Dear Tom,

    We discussed during the last meeting that we would complete the first five tasks and potentially add two more if we had time. Next week, we will have a call to discuss the validation process.

    Until then, feel free to reach out to me with any other questions you may have.

    Best regards,

    Christophe"
7|15.277864217758179|350|"

    Translation:

    Dear Tom,

    We discussed during the last meeting that we would complete the first five tasks and potentially add two more if we had time. Next week, we will have a call to discuss the validation process.

    Until then, feel free to reach out to me with any other questions you may have.

    Best regards,

    Christophe"
8|15.2888765335083|350|"

    Translation:

    Dear Tom,

    We discussed during the last meeting that we would complete the first five tasks and potentially add two more if we had time. Next week, we will have a call to discuss the validation process.

    Until then, feel free to reach out to me with any other questions you may have.

    Best regards,

    Christophe"
9|15.277862787246704|350|"

    Translation:

    Dear Tom,

    We discussed during the last meeting that we would complete the first five tasks and potentially add two more if we had time. Next week, we will have a call to discuss the validation process.

    Until then, feel free to reach out to me with any other questions you may have.

    Best regards,

    Christophe"
10|16.892329692840576|378|"

The text is in French and it can be translated to English as follows:

Dear Tom,

We discussed during the last meeting that we would complete the first 5 tasks and potentially add 2 more if we had time. Next week, we will have a call to discuss the validation process.

Until then, feel free to reach out to me with any other questions you may have.

Best regards,

Christophe"
11|15.307892799377441|350|"

    Translation:

    Dear Tom,

    We discussed during the last meeting that we would complete the first five tasks and potentially add two more if we had time. Next week, we will have a call to discuss the validation process.

    Until then, feel free to reach out to me with any other questions you may have.

    Best regards,

    Christophe"
12|15.313896417617798|350|"

    Translation:

    Dear Tom,

    We discussed during the last meeting that we would complete the first five tasks and potentially add two more if we had time. Next week, we will have a call to discuss the validation process.

    Until then, feel free to reach out to me with any other questions you may have.

    Best regards,

    Christophe"
13|16.66564655303955|383|"

The text is in French and it can be translated to English as follows:

Dear Tom,

We discussed during the last meeting that we would complete the first five tasks and potentially add two more if we had time. Next week, we will have a call to discuss the validation process.

Until then, feel free to reach out to me with any other questions you may have.

Best regards,

Christophe"
14|16.910345792770386|378|"

The text is in French and it can be translated to English as follows:

Dear Tom,

We discussed during the last meeting that we would complete the first 5 tasks and potentially add 2 more if we had time. Next week, we will have a call to discuss the validation process.

Until then, feel free to reach out to me with any other questions you may have.

Best regards,

Christophe"
15|15.407983779907227|350|"

    Translation:

    Dear Tom,

    We discussed during the last meeting that we would complete the first five tasks and potentially add two more if we had time. Next week, we will have a call to discuss the validation process.

    Until then, feel free to reach out to me with any other questions you may have.

    Best regards,

    Christophe"
16|15.379956483840942|350|"

    Translation:

    Dear Tom,

    We discussed during the last meeting that we would complete the first five tasks and potentially add two more if we had time. Next week, we will have a call to discuss the validation process.

    Until then, feel free to reach out to me with any other questions you may have.

    Best regards,

    Christophe"
17|15.350931644439697|349|"

    Translation:

    Dear Tom,

    We discussed during the last meeting that we would complete the first five tasks and potentially do two more if we had time. Next week, we will have a call to discuss the validation process.

    Until then, feel free to reach out to me with any other questions you may have.

    Best regards,

    Christophe"
18|14.68232536315918|338|"

English translation:

Dear Tom,

We discussed during the last meeting that we would complete the first five tasks and potentially add two more if we had the time. Next week, we will have a call to discuss the validation process.

Until then, feel free to reach out to me with any other questions you may have.

Best regards,

Christophe"
19|15.357936143875122|350|"

    Translation:

    Dear Tom,

    We discussed during the last meeting that we would complete the first five tasks and potentially add two more if we had time. Next week, we will have a call to discuss the validation process.

    Until then, feel free to reach out to me with any other questions you may have.

    Best regards,

    Christophe"
20|15.342922925949097|350|"

    Translation:

    Dear Tom,

    We discussed during the last meeting that we would complete the first five tasks and potentially add two more if we had time. Next week, we will have a call to discuss the validation process.

    Until then, feel free to reach out to me with any other questions you may have.

    Best regards,

    Christophe"
21|15.398974180221558|350|"

    Translation:

    Dear Tom,

    We discussed during the last meeting that we would complete the first five tasks and potentially add two more if we had time. Next week, we will have a call to discuss the validation process.

    Until then, feel free to reach out to me with any other questions you may have.

    Best regards,

    Christophe"
22|15.368947744369507|350|"

    Translation:

    Dear Tom,

    We discussed during the last meeting that we would complete the first five tasks and potentially add two more if we had time. Next week, we will have a call to discuss the validation process.

    Until then, feel free to reach out to me with any other questions you may have.

    Best regards,

    Christophe"
23|15.368946075439453|350|"

    Translation:

    Dear Tom,

    We discussed during the last meeting that we would complete the first five tasks and potentially add two more if we had time. Next week, we will have a call to discuss the validation process.

    Until then, feel free to reach out to me with any other questions you may have.

    Best regards,

    Christophe"
24|15.34392499923706|350|"

    Translation:

    Dear Tom,

    We discussed during the last meeting that we would complete the first five tasks and potentially add two more if we had time. Next week, we will have a call to discuss the validation process.

    Until then, feel free to reach out to me with any other questions you may have.

    Best regards,

    Christophe"
25|16.98741602897644|378|"

The text is in French and it can be translated to English as follows:

Dear Tom,

We discussed during the last meeting that we would complete the first 5 tasks and potentially add 2 more if we had time. Next week, we will have a call to discuss the validation process.

Until then, feel free to reach out to me with any other questions you may have.

Best regards,

Christophe"
26|15.349929809570312|350|"

    Translation:

    Dear Tom,

    We discussed during the last meeting that we would complete the first five tasks and potentially add two more if we had time. Next week, we will have a call to discuss the validation process.

    Until then, feel free to reach out to me with any other questions you may have.

    Best regards,

    Christophe"
27|15.376955032348633|350|"

    Translation:

    Dear Tom,

    We discussed during the last meeting that we would complete the first five tasks and potentially add two more if we had time. Next week, we will have a call to discuss the validation process.

    Until then, feel free to reach out to me with any other questions you may have.

    Best regards,

    Christophe"
28|15.365944623947144|350|"

    Translation:

    Dear Tom,

    We discussed during the last meeting that we would complete the first five tasks and potentially add two more if we had time. Next week, we will have a call to discuss the validation process.

    Until then, feel free to reach out to me with any other questions you may have.

    Best regards,

    Christophe"
29|16.614078044891357|383|"

The text is in French and it can be translated to English as follows:

Dear Tom,

We discussed during the last meeting that we would complete the first five tasks and potentially add two more if we had time. Next week, we will have a call to discuss the validation process.

Until then, feel free to reach out to me with any other questions you may have.

Best regards,

Christophe"
30|15.35793685913086|350|"

    Translation:

    Dear Tom,

    We discussed during the last meeting that we would complete the first five tasks and potentially add two more if we had time. Next week, we will have a call to discuss the validation process.

    Until then, feel free to reach out to me with any other questions you may have.

    Best regards,

    Christophe"
31|16.628089904785156|383|"

The text is in French and it can be translated to English as follows:

Dear Tom,

We discussed during the last meeting that we would complete the first five tasks and potentially add two more if we had time. Next week, we will have a call to discuss the validation process.

Until then, feel free to reach out to me with any other questions you may have.

Best regards,

Christophe"
32|15.527091026306152|350|"

    Translation:

    Dear Tom,

    We discussed during the last meeting that we would complete the first five tasks and potentially add two more if we had time. Next week, we will have a call to discuss the validation process.

    Until then, feel free to reach out to me with any other questions you may have.

    Best regards,

    Christophe"
33|0.8737928867340088|3|"

 "
34|0.8737928867340088|3|"

 "
35|17.070491790771484|378|"

The text is in French and it can be translated to English as follows:

Dear Tom,

We discussed during the last meeting that we would complete the first 5 tasks and potentially add 2 more if we had time. Next week, we will have a call to discuss the validation process.

Until then, feel free to reach out to me with any other questions you may have.

Best regards,

Christophe"
36|16.76445722579956|383|"

The text is in French and it can be translated to English as follows:

Dear Tom,

We discussed during the last meeting that we would complete the first five tasks and potentially add two more if we had time. Next week, we will have a call to discuss the validation process.

Until then, feel free to reach out to me with any other questions you may have.

Best regards,

Christophe"
37|15.435007333755493|350|"

    Translation:

    Dear Tom,

    We discussed during the last meeting that we would complete the first five tasks and potentially add two more if we had time. Next week, we will have a call to discuss the validation process.

    Until then, feel free to reach out to me with any other questions you may have.

    Best regards,

    Christophe"
38|15.419994354248047|350|"

    Translation:

    Dear Tom,

    We discussed during the last meeting that we would complete the first five tasks and potentially add two more if we had time. Next week, we will have a call to discuss the validation process.

    Until then, feel free to reach out to me with any other questions you may have.

    Best regards,

    Christophe"
39|15.47704529762268|350|"

    Translation:

    Dear Tom,

    We discussed during the last meeting that we would complete the first five tasks and potentially add two more if we had time. Next week, we will have a call to discuss the validation process.

    Until then, feel free to reach out to me with any other questions you may have.

    Best regards,

    Christophe"
40|16.83828043937683|387|"

The text is in French and it can be translated to English as follows:

Dear Tom,

We discussed during the last meeting that we would complete the first five tasks and potentially add two more if we had the time. Next week, we will have a call to discuss the validation process.

Until then, feel free to reach out to me with any other questions you may have.

Best regards,

Christophe"
41|15.453023672103882|350|"

    Translation:

    Dear Tom,

    We discussed during the last meeting that we would complete the first five tasks and potentially add two more if we had time. Next week, we will have a call to discuss the validation process.

    Until then, feel free to reach out to me with any other questions you may have.

    Best regards,

    Christophe"
42|15.427000284194946|350|"

    Translation:

    Dear Tom,

    We discussed during the last meeting that we would complete the first five tasks and potentially add two more if we had time. Next week, we will have a call to discuss the validation process.

    Until then, feel free to reach out to me with any other questions you may have.

    Best regards,

    Christophe"
43|16.7011559009552|382|"

The text is in French and it can be translated to English as follows:

Dear Tom,

We discussed during the last meeting that we would complete the first five tasks and potentially do two more if we had time. Next week, we will have a call to discuss the validation process.

Until then, feel free to reach out to me with any other questions you may have.

Best regards,

Christophe"
44|17.04947328567505|378|"

The text is in French and it can be translated to English as follows:

Dear Tom,

We discussed during the last meeting that we would complete the first 5 tasks and potentially add 2 more if we had time. Next week, we will have a call to discuss the validation process.

Until then, feel free to reach out to me with any other questions you may have.

Best regards,

Christophe"
45|15.569128036499023|350|"

    Translation:

    Dear Tom,

    We discussed during the last meeting that we would complete the first five tasks and potentially add two more if we had time. Next week, we will have a call to discuss the validation process.

    Until then, feel free to reach out to me with any other questions you may have.

    Best regards,

    Christophe"
46|15.43100357055664|350|"

    Translation:

    Dear Tom,

    We discussed during the last meeting that we would complete the first five tasks and potentially add two more if we had time. Next week, we will have a call to discuss the validation process.

    Until then, feel free to reach out to me with any other questions you may have.

    Best regards,

    Christophe"
47|15.454023838043213|350|"

    Translation:

    Dear Tom,

    We discussed during the last meeting that we would complete the first five tasks and potentially add two more if we had time. Next week, we will have a call to discuss the validation process.

    Until then, feel free to reach out to me with any other questions you may have.

    Best regards,

    Christophe"
48|16.732184886932373|382|"

The text is in French and it can be translated to English as follows:

Dear Tom,

We discussed during the last meeting that we would complete the first five tasks and potentially do two more if we had time. Next week, we will have a call to discuss the validation process.

Until then, feel free to reach out to me with any other questions you may have.

Best regards,

Christophe"
49|16.709163904190063|383|"

The text is in French and it can be translated to English as follows:

Dear Tom,

We discussed during the last meeting that we would complete the first five tasks and potentially add two more if we had time. Next week, we will have a call to discuss the validation process.

Until then, feel free to reach out to me with any other questions you may have.

Best regards,

Christophe"
50|15.550111293792725|350|"

    Translation:

    Dear Tom,

    We discussed during the last meeting that we would complete the first five tasks and potentially add two more if we had time. Next week, we will have a call to discuss the validation process.

    Until then, feel free to reach out to me with any other questions you may have.

    Best regards,

    Christophe"
51|0.879798412322998|3|"

 "
52|15.425999879837036|350|"

    Translation:

    Dear Tom,

    We discussed during the last meeting that we would complete the first five tasks and potentially add two more if we had time. Next week, we will have a call to discuss the validation process.

    Until then, feel free to reach out to me with any other questions you may have.

    Best regards,

    Christophe"
53|15.60994553565979|350|"

    Translation:

    Dear Tom,

    We discussed during the last meeting that we would complete the first five tasks and potentially add two more if we had time. Next week, we will have a call to discuss the validation process.

    Until then, feel free to reach out to me with any other questions you may have.

    Best regards,

    Christophe"
54|16.744195461273193|383|"

The text is in French and it can be translated to English as follows:

Dear Tom,

We discussed during the last meeting that we would complete the first five tasks and potentially add two more if we had time. Next week, we will have a call to discuss the validation process.

Until then, feel free to reach out to me with any other questions you may have.

Best regards,

Christophe"
55|16.80925416946411|382|"

The text is in French and it can be translated to English as follows:

Dear Tom,

We discussed during the last meeting that we would complete the first five tasks and potentially do two more if we had time. Next week, we will have a call to discuss the validation process.

Until then, feel free to reach out to me with any other questions you may have.

Best regards,

Christophe"
56|14.813443183898926|338|"

English translation:

Dear Tom,

We discussed during the last meeting that we would complete the first five tasks and potentially add two more if we had the time. Next week, we will have a call to discuss the validation process.

Until then, feel free to reach out to me with any other questions you may have.

Best regards,

Christophe"
57|15.525089025497437|350|"

    Translation:

    Dear Tom,

    We discussed during the last meeting that we would complete the first five tasks and potentially add two more if we had time. Next week, we will have a call to discuss the validation process.

    Until then, feel free to reach out to me with any other questions you may have.

    Best regards,

    Christophe"
58|15.517081022262573|350|"

    Translation:

    Dear Tom,

    We discussed during the last meeting that we would complete the first five tasks and potentially add two more if we had time. Next week, we will have a call to discuss the validation process.

    Until then, feel free to reach out to me with any other questions you may have.

    Best regards,

    Christophe"
59|15.54410696029663|350|"

    Translation:

    Dear Tom,

    We discussed during the last meeting that we would complete the first five tasks and potentially add two more if we had time. Next week, we will have a call to discuss the validation process.

    Until then, feel free to reach out to me with any other questions you may have.

    Best regards,

    Christophe"
60|16.787234783172607|383|"

The text is in French and it can be translated to English as follows:

Dear Tom,

We discussed during the last meeting that we would complete the first five tasks and potentially add two more if we had time. Next week, we will have a call to discuss the validation process.

Until then, feel free to reach out to me with any other questions you may have.

Best regards,

Christophe"
61|15.511075019836426|350|"

    Translation:

    Dear Tom,

    We discussed during the last meeting that we would complete the first five tasks and potentially add two more if we had time. Next week, we will have a call to discuss the validation process.

    Until then, feel free to reach out to me with any other questions you may have.

    Best regards,

    Christophe"
62|16.862305402755737|383|"

The text is in French and it can be translated to English as follows:

Dear Tom,

We discussed during the last meeting that we would complete the first five tasks and potentially add two more if we had time. Next week, we will have a call to discuss the validation process.

Until then, feel free to reach out to me with any other questions you may have.

Best regards,

Christophe"
63|14.843470335006714|338|"

English translation:

Dear Tom,

We discussed during the last meeting that we would complete the first five tasks and potentially add two more if we had the time. Next week, we will have a call to discuss the validation process.

Until then, feel free to reach out to me with any other questions you may have.

Best regards,

Christophe"
64|15.558120250701904|350|"

    Translation:

    Dear Tom,

    We discussed during the last meeting that we would complete the first five tasks and potentially add two more if we had time. Next week, we will have a call to discuss the validation process.

    Until then, feel free to reach out to me with any other questions you may have.

    Best regards,

    Christophe"
65|15.605952262878418|350|"

    Translation:

    Dear Tom,

    We discussed during the last meeting that we would complete the first five tasks and potentially add two more if we had time. Next week, we will have a call to discuss the validation process.

    Until then, feel free to reach out to me with any other questions you may have.

    Best regards,

    Christophe"
66|15.610166311264038|350|"

    Translation:

    Dear Tom,

    We discussed during the last meeting that we would complete the first five tasks and potentially add two more if we had time. Next week, we will have a call to discuss the validation process.

    Until then, feel free to reach out to me with any other questions you may have.

    Best regards,

    Christophe"
67|15.56712794303894|350|"

    Translation:

    Dear Tom,

    We discussed during the last meeting that we would complete the first five tasks and potentially add two more if we had time. Next week, we will have a call to discuss the validation process.

    Until then, feel free to reach out to me with any other questions you may have.

    Best regards,

    Christophe"
68|15.585142135620117|350|"

    Translation:

    Dear Tom,

    We discussed during the last meeting that we would complete the first five tasks and potentially add two more if we had time. Next week, we will have a call to discuss the validation process.

    Until then, feel free to reach out to me with any other questions you may have.

    Best regards,

    Christophe"
69|15.563123226165771|349|"

    Translation:

    Dear Tom,

    We discussed during the last meeting that we would complete the first five tasks and potentially do two more if we had time. Next week, we will have a call to discuss the validation process.

    Until then, feel free to reach out to me with any other questions you may have.

    Best regards,

    Christophe"
70|15.598155975341797|350|"

    Translation:

    Dear Tom,

    We discussed during the last meeting that we would complete the first five tasks and potentially add two more if we had time. Next week, we will have a call to discuss the validation process.

    Until then, feel free to reach out to me with any other questions you may have.

    Best regards,

    Christophe"
71|17.17158269882202|378|"

The text is in French and it can be translated to English as follows:

Dear Tom,

We discussed during the last meeting that we would complete the first 5 tasks and potentially add 2 more if we had time. Next week, we will have a call to discuss the validation process.

Until then, feel free to reach out to me with any other questions you may have.

Best regards,

Christophe"
72|15.713260173797607|350|"

    Translation:

    Dear Tom,

    We discussed during the last meeting that we would complete the first five tasks and potentially add two more if we had time. Next week, we will have a call to discuss the validation process.

    Until then, feel free to reach out to me with any other questions you may have.

    Best regards,

    Christophe"
73|17.027275323867798|383|"

The text is in French and it can be translated to English as follows:

Dear Tom,

We discussed during the last meeting that we would complete the first five tasks and potentially add two more if we had time. Next week, we will have a call to discuss the validation process.

Until then, feel free to reach out to me with any other questions you may have.

Best regards,

Christophe"
74|15.585144281387329|350|"

    Translation:

    Dear Tom,

    We discussed during the last meeting that we would complete the first five tasks and potentially add two more if we had time. Next week, we will have a call to discuss the validation process.

    Until then, feel free to reach out to me with any other questions you may have.

    Best regards,

    Christophe"
75|15.624178171157837|350|"

    Translation:

    Dear Tom,

    We discussed during the last meeting that we would complete the first five tasks and potentially add two more if we had time. Next week, we will have a call to discuss the validation process.

    Until then, feel free to reach out to me with any other questions you may have.

    Best regards,

    Christophe"
76|17.191601276397705|378|"

The text is in French and it can be translated to English as follows:

Dear Tom,

We discussed during the last meeting that we would complete the first 5 tasks and potentially add 2 more if we had time. Next week, we will have a call to discuss the validation process.

Until then, feel free to reach out to me with any other questions you may have.

Best regards,

Christophe"
77|15.666218757629395|350|"

    Translation:

    Dear Tom,

    We discussed during the last meeting that we would complete the first five tasks and potentially add two more if we had time. Next week, we will have a call to discuss the validation process.

    Until then, feel free to reach out to me with any other questions you may have.

    Best regards,

    Christophe"
78|15.885414600372314|354|"

    Translation:

    Dear Tom,

    We discussed during the last meeting that we would complete the first five tasks and potentially add two more if we had the time. Next week, we will have a call to discuss the validation process.

    Until then, feel free to reach out to me with any other questions you may have.

    Best regards,

    Christophe"
79|15.815352439880371|354|"

    Translation:

    Dear Tom,

    We discussed during the last meeting that we would complete the first five tasks and potentially add two more if we had the time. Next week, we will have a call to discuss the validation process.

    Until then, feel free to reach out to me with any other questions you may have.

    Best regards,

    Christophe"
80|15.596153020858765|350|"

    Translation:

    Dear Tom,

    We discussed during the last meeting that we would complete the first five tasks and potentially add two more if we had time. Next week, we will have a call to discuss the validation process.

    Until then, feel free to reach out to me with any other questions you may have.

    Best regards,

    Christophe"
81|15.779320240020752|349|"

    Translation:

    Dear Tom,

    We discussed during the last meeting that we would complete the first five tasks and potentially do two more if we had time. Next week, we will have a call to discuss the validation process.

    Until then, feel free to reach out to me with any other questions you may have.

    Best regards,

    Christophe"
82|15.6421959400177|350|"

    Translation:

    Dear Tom,

    We discussed during the last meeting that we would complete the first five tasks and potentially add two more if we had time. Next week, we will have a call to discuss the validation process.

    Until then, feel free to reach out to me with any other questions you may have.

    Best regards,

    Christophe"
83|15.612169981002808|350|"

    Translation:

    Dear Tom,

    We discussed during the last meeting that we would complete the first five tasks and potentially add two more if we had time. Next week, we will have a call to discuss the validation process.

    Until then, feel free to reach out to me with any other questions you may have.

    Best regards,

    Christophe"
84|15.586143016815186|350|"

    Translation:

    Dear Tom,

    We discussed during the last meeting that we would complete the first five tasks and potentially add two more if we had time. Next week, we will have a call to discuss the validation process.

    Until then, feel free to reach out to me with any other questions you may have.

    Best regards,

    Christophe"
85|15.795335054397583|350|"

    Translation:

    Dear Tom,

    We discussed during the last meeting that we would complete the first five tasks and potentially add two more if we had time. Next week, we will have a call to discuss the validation process.

    Until then, feel free to reach out to me with any other questions you may have.

    Best regards,

    Christophe"
86|15.689235925674438|350|"

    Translation:

    Dear Tom,

    We discussed during the last meeting that we would complete the first five tasks and potentially add two more if we had time. Next week, we will have a call to discuss the validation process.

    Until then, feel free to reach out to me with any other questions you may have.

    Best regards,

    Christophe"
87|15.668218851089478|349|"

    Translation:

    Dear Tom,

    We discussed during the last meeting that we would complete the first five tasks and potentially do two more if we had time. Next week, we will have a call to discuss the validation process.

    Until then, feel free to reach out to me with any other questions you may have.

    Best regards,

    Christophe"
88|15.610166549682617|350|"

    Translation:

    Dear Tom,

    We discussed during the last meeting that we would complete the first five tasks and potentially add two more if we had time. Next week, we will have a call to discuss the validation process.

    Until then, feel free to reach out to me with any other questions you may have.

    Best regards,

    Christophe"
89|15.71225881576538|349|"

    Translation:

    Dear Tom,

    We discussed during the last meeting that we would complete the first five tasks and potentially do two more if we had time. Next week, we will have a call to discuss the validation process.

    Until then, feel free to reach out to me with any other questions you may have.

    Best regards,

    Christophe"
90|15.649202108383179|350|"

    Translation:

    Dear Tom,

    We discussed during the last meeting that we would complete the first five tasks and potentially add two more if we had time. Next week, we will have a call to discuss the validation process.

    Until then, feel free to reach out to me with any other questions you may have.

    Best regards,

    Christophe"
91|17.374767303466797|378|"

The text is in French and it can be translated to English as follows:

Dear Tom,

We discussed during the last meeting that we would complete the first 5 tasks and potentially add 2 more if we had time. Next week, we will have a call to discuss the validation process.

Until then, feel free to reach out to me with any other questions you may have.

Best regards,

Christophe"
92|16.966397047042847|383|"

The text is in French and it can be translated to English as follows:

Dear Tom,

We discussed during the last meeting that we would complete the first five tasks and potentially add two more if we had time. Next week, we will have a call to discuss the validation process.

Until then, feel free to reach out to me with any other questions you may have.

Best regards,

Christophe"
93|15.70324993133545|350|"

    Translation:

    Dear Tom,

    We discussed during the last meeting that we would complete the first five tasks and potentially add two more if we had time. Next week, we will have a call to discuss the validation process.

    Until then, feel free to reach out to me with any other questions you may have.

    Best regards,

    Christophe"
94|15.760303258895874|350|"

    Translation:

    Dear Tom,

    We discussed during the last meeting that we would complete the first five tasks and potentially add two more if we had time. Next week, we will have a call to discuss the validation process.

    Until then, feel free to reach out to me with any other questions you may have.

    Best regards,

    Christophe"
95|15.654206037521362|350|"

    Translation:

    Dear Tom,

    We discussed during the last meeting that we would complete the first five tasks and potentially add two more if we had time. Next week, we will have a call to discuss the validation process.

    Until then, feel free to reach out to me with any other questions you may have.

    Best regards,

    Christophe"
96|15.77731704711914|350|"

    Translation:

    Dear Tom,

    We discussed during the last meeting that we would complete the first five tasks and potentially add two more if we had time. Next week, we will have a call to discuss the validation process.

    Until then, feel free to reach out to me with any other questions you may have.

    Best regards,

    Christophe"
97|15.794334173202515|350|"

    Translation:

    Dear Tom,

    We discussed during the last meeting that we would complete the first five tasks and potentially add two more if we had time. Next week, we will have a call to discuss the validation process.

    Until then, feel free to reach out to me with any other questions you may have.

    Best regards,

    Christophe"
98|16.152658462524414|350|"

    Translation:

    Dear Tom,

    We discussed during the last meeting that we would complete the first five tasks and potentially add two more if we had time. Next week, we will have a call to discuss the validation process.

    Until then, feel free to reach out to me with any other questions you may have.

    Best regards,

    Christophe"
99|17.87417244911194|378|"

The text is in French and it can be translated to English as follows:

Dear Tom,

We discussed during the last meeting that we would complete the first 5 tasks and potentially add 2 more if we had time. Next week, we will have a call to discuss the validation process.

Until then, feel free to reach out to me with any other questions you may have.

Best regards,

Christophe"
